元旦,20210101,r
元旦,20210102,r
元旦,20210103,r
春节,20210207,w
春节,20210211,r
春节,20210212,r
春节,20210213,r
春节,20210214,r
春节,20210215,r
春节,20210216,r
春节,20210217,r
春节,20210220,w
清明节,20210403,r
清明节,20210404,r
清明节,20210405,r
劳动节,20210425,w
劳动节,20210501,r
劳动节,20210502,r
劳动节,20210503,r
劳动节,20210504,r
劳动节,20210505,r
劳动节,20210508,w
端午节,20210612,r
端午节,20210613,r
端午节,20210614,r
中秋节,20210918,w
中秋节,20210919,r
中秋节,20210920,r
中秋节,20210921,r
国庆节,20210926,w
国庆节,20211001,r
国庆节,20211002,r
国庆节,20211003,r
国庆节,20211004,r
国庆节,20211005,r
国庆节,20211006,r
国庆节,20211007,r
国庆节,20211009,w